Number of Threads,Original,Optimised
1,0.001842,0.000009
2,0.00174,0.000027
4,0.001866,0.000241
8,0.004107,0.000207
16,0.006959,0.002735
32,0.002389,0.000368
64,0.002233,0.000571